model_name,data_format,language,period,embedding_method,Quelle,download_link
grc_fasttext_cbow_nn2_xn10_dim100,.bin,Greek,,fasttext,Jacobo Myerston. (2021). Ancient Greek Fasttext Word Embeddings (v. 1.2.2) [Data set]. Zenodo. https://doi.org/10.5281/zenodo.7630945,https://zenodo.org/records/7630945/files/grc_fasttext_cbow_nn2_xn10_dim100.bin?download=1
grc_fasttext_cbow_nn2_xn10_dim150,.bin,Greek,,fasttext,Jacobo Myerston. (2021). Ancient Greek Fasttext Word Embeddings (v. 1.2.2) [Data set]. Zenodo. https://doi.org/10.5281/zenodo.7630945,https://zenodo.org/records/7630945/files/grc_fasttext_cbow_nn2_xn10_dim150.bin?download=1
grc_fasttext_cbow_nn2_xn10_dim50,.bin,Greek,,fasttext,Jacobo Myerston. (2021). Ancient Greek Fasttext Word Embeddings (v. 1.2.2) [Data set]. Zenodo. https://doi.org/10.5281/zenodo.7630945,https://zenodo.org/records/7630945/files/grc_fasttext_cbow_nn2_xn10_dim50.bin?download=1
grc_fasttext_skipgram_nn2_xn10_dim150,.bin,Greek,,fasttext,Jacobo Myerston. (2021). Ancient Greek Fasttext Word Embeddings (v. 1.2.2) [Data set]. Zenodo. https://doi.org/10.5281/zenodo.7630945,https://zenodo.org/records/7630945/files/grc_fasttext_skipgram_nn2_xn10_dim150.bin?download=1
grc_fasttext_skipgram_nn2_xn10_dim100,.bin,Greek,,fasttext,Jacobo Myerston. (2021). Ancient Greek Fasttext Word Embeddings (v. 1.2.2) [Data set]. Zenodo. https://doi.org/10.5281/zenodo.7630945,https://zenodo.org/records/7630945/files/grc_fasttext_skipgram_nn2_xn10_dim100.bin?download=1
grc_fasttext_skipgram_nn2_xn10_dim300,.bin,Greek,,fasttext,Jacobo Myerston. (2021). Ancient Greek Fasttext Word Embeddings (v. 1.2.2) [Data set]. Zenodo. https://doi.org/10.5281/zenodo.7630945,https://zenodo.org/records/7630945/files/grc_fasttext_skipgram_nn2_xn10_dim300.vec?download=1
grc_fasttext_skipgram_nn2_xn10_dim50,.bin,Greek,,fasttext,Jacobo Myerston. (2021). Ancient Greek Fasttext Word Embeddings (v. 1.2.2) [Data set]. Zenodo. https://doi.org/10.5281/zenodo.7630945,https://zenodo.org/records/7630945/files/grc_fasttext_skipgram_nn2_xn10_dim50.bin?download=1
grc_floret_cbow_nn2_xn10_b200k_dim300,.bin,Greek,,fasttext,Jacobo Myerston. (2021). Ancient Greek Fasttext Word Embeddings (v. 1.2.2) [Data set]. Zenodo. https://doi.org/10.5281/zenodo.7630945,https://zenodo.org/records/7630945/files/grc_floret_cbow_nn2_xn10_b200k_dim300.bin?download=1
grc_floret_cbow_nn2_xn10_b50k_dim300,.bin,Greek,,fasttext,Jacobo Myerston. (2021). Ancient Greek Fasttext Word Embeddings (v. 1.2.2) [Data set]. Zenodo. https://doi.org/10.5281/zenodo.7630945,https://zenodo.org/records/7630945/files/grc_floret_cbow_nn2_xn10_b50k_dim300.bin?download=1
grc_fasttext_cbow_nn2_xn10_dim100,.vec,Greek,,fasttext,Jacobo Myerston. (2021). Ancient Greek Fasttext Word Embeddings (v. 1.2.2) [Data set]. Zenodo. https://doi.org/10.5281/zenodo.7630945,https://zenodo.org/records/7630945/files/grc_fasttext_cbow_nn2_xn10_dim100.vec?download=1
grc_fasttext_cbow_nn2_xn10_dim150,.vec,Greek,,fasttext,Jacobo Myerston. (2021). Ancient Greek Fasttext Word Embeddings (v. 1.2.2) [Data set]. Zenodo. https://doi.org/10.5281/zenodo.7630945,https://zenodo.org/records/7630945/files/grc_fasttext_cbow_nn2_xn10_dim150.vec?download=1
grc_fasttext_cbow_nn2_xn10_dim50,.vec,Greek,,fasttext,Jacobo Myerston. (2021). Ancient Greek Fasttext Word Embeddings (v. 1.2.2) [Data set]. Zenodo. https://doi.org/10.5281/zenodo.7630945,https://zenodo.org/records/7630945/files/grc_fasttext_cbow_nn2_xn10_dim50.vec?download=1
grc_fasttext_skipgram_nn2_xn10_dim100,.vec,Greek,,fasttext,Jacobo Myerston. (2021). Ancient Greek Fasttext Word Embeddings (v. 1.2.2) [Data set]. Zenodo. https://doi.org/10.5281/zenodo.7630945,https://zenodo.org/records/7630945/files/grc_fasttext_skipgram_nn2_xn10_dim100.vec?download=1
grc_fasttext_skipgram_nn2_xn10_dim150,.vec,Greek,,fasttext,Jacobo Myerston. (2021). Ancient Greek Fasttext Word Embeddings (v. 1.2.2) [Data set]. Zenodo. https://doi.org/10.5281/zenodo.7630945,https://zenodo.org/records/7630945/files/grc_fasttext_skipgram_nn2_xn10_dim150.vec?download=1
grc_fasttext_skipgram_nn2_xn10_dim300,.vec,Greek,,fasttext,Jacobo Myerston. (2021). Ancient Greek Fasttext Word Embeddings (v. 1.2.2) [Data set]. Zenodo. https://doi.org/10.5281/zenodo.7630946,https://zenodo.org/records/7630945/files/grc_fasttext_skipgram_nn2_xn10_dim300.vec?download=1
grc_fasttext_skipgram_nn2_xn10_dim50,.vec,Greek,,fasttext,Jacobo Myerston. (2021). Ancient Greek Fasttext Word Embeddings (v. 1.2.2) [Data set]. Zenodo. https://doi.org/10.5281/zenodo.7630947,https://zenodo.org/records/7630945/files/grc_fasttext_skipgram_nn2_xn10_dim50.vec?download=1
grc_floret_cbow_nn2_xn10_b200k_dim300,.vec,Greek,,fasttext,Jacobo Myerston. (2021). Ancient Greek Fasttext Word Embeddings (v. 1.2.2) [Data set]. Zenodo. https://doi.org/10.5281/zenodo.7630948,https://zenodo.org/records/7630945/files/grc_floret_cbow_nn2_xn10_b200k_dim300.vec?download=1
grc_floret_cbow_nn2_xn10_b50k_dim300,.vec,Greek,,fasttext,Jacobo Myerston. (2021). Ancient Greek Fasttext Word Embeddings (v. 1.2.2) [Data set]. Zenodo. https://doi.org/10.5281/zenodo.7630949,https://zenodo.org/records/7630945/files/grc_floret_cbow_nn2_xn10_b50k_dim300.vec?download=1
grc_floret_cbow_nn2_xn10_b200k_dim300,.floret,Greek,,fasttext,Jacobo Myerston. (2021). Ancient Greek Fasttext Word Embeddings (v. 1.2.2) [Data set]. Zenodo. https://doi.org/10.5281/zenodo.7630950,https://zenodo.org/records/7630945/files/grc_floret_cbow_nn2_xn10_b200k_dim300.floret?download=1
grc_floret_cbow_nn2_xn10_b50k_dim300,.floret,Greek,,fasttext,Jacobo Myerston. (2021). Ancient Greek Fasttext Word Embeddings (v. 1.2.2) [Data set]. Zenodo. https://doi.org/10.5281/zenodo.7630951,https://zenodo.org/records/7630945/files/grc_floret_cbow_nn2_xn10_b50k_dim300.floret?download=1
56,.bin,Latin,,Word2Vec,"https://vectors.nlpl.eu/repository/# _____ [Word vectors, reuse, and replicability: Towards a community repository of large-text resources](https://aclanthology.org/W17-0237/) (Fares et al., NoDaLiDa 2017)",https://vectors.nlpl.eu/repository/20/56.zip
162,,Latin,,ELMo,"https://vectors.nlpl.eu/repository/# _____ [Word vectors, reuse, and replicability: Towards a community repository of large-text resources](https://aclanthology.org/W17-0237/) (Fares et al., NoDaLiDa 2017)",https://vectors.nlpl.eu/repository/20/162.zip
203,,Latin,,ELMo,"https://vectors.nlpl.eu/repository/# _____ [Word vectors, reuse, and replicability: Towards a community repository of large-text resources](https://aclanthology.org/W17-0237/) (Fares et al., NoDaLiDa 2017)",https://vectors.nlpl.eu/repository/20/203.zip
allLASLA-lemmi-fast-100-CBOW-win10-min5.bin,.bin,Latin,,fasttext,https://embeddings.lila-erc.eu/samples/download/,https://embeddings.lila-erc.eu/samples/download/fasttext/allLASLA-lemmi-fast-100-CBOW-win10-min5.bin
allLASLA-lemmi-fast-100-CBOW-win10-min5.vec ,.vec,Latin,,fasttext,https://embeddings.lila-erc.eu/samples/download/,https://embeddings.lila-erc.eu/samples/download/fasttext/allLASLA-lemmi-fast-100-CBOW-win10-min5.vec
allLASLA-lemmi-fast-100-SKIP-win5-min5.bin ,.bin,Latin,,fasttext,https://embeddings.lila-erc.eu/samples/download/,https://embeddings.lila-erc.eu/samples/download/fasttext/allLASLA-lemmi-fast-100-SKIP-win5-min5.bin
allLASLA-lemmi-fast-100-SKIP-win5-min5.vec ,.vec,Latin,,fasttext,https://embeddings.lila-erc.eu/samples/download/,https://embeddings.lila-erc.eu/samples/download/fasttext/allLASLA-lemmi-fast-100-SKIP-win5-min5.vec
allLASLA-lemmi-fast-300-CBOW-win10-min5.bin,.bin,Latin,,fasttext,https://embeddings.lila-erc.eu/samples/download/,https://embeddings.lila-erc.eu/samples/download/fasttext/allLASLA-lemmi-fast-300-CBOW-win10-min5.bin
allLASLA-lemmi-fast-300-CBOW-win10-min5.vec  ,.vec,Latin,,fasttext,https://embeddings.lila-erc.eu/samples/download/,https://embeddings.lila-erc.eu/samples/download/fasttext/allLASLA-lemmi-fast-300-CBOW-win10-min5.vec
allLASLA-lemmi-fast-300-SKIP-win5-min5.bin ,.bin,Latin,,fasttext,https://embeddings.lila-erc.eu/samples/download/,https://embeddings.lila-erc.eu/samples/download/fasttext/allLASLA-lemmi-fast-300-SKIP-win5-min5.bin
allLASLA-lemmi-fast-300-SKIP-win5-min5.vec ,.vec,Latin,,fasttext,https://embeddings.lila-erc.eu/samples/download/,https://embeddings.lila-erc.eu/samples/download/fasttext/allLASLA-lemmi-fast-300-SKIP-win5-min5.vec
allLASLAlemmi-vector-100-nocase-w10-SKIP.bin ,.bin,Latin,,Word2Vec,https://embeddings.lila-erc.eu/samples/download/,https://embeddings.lila-erc.eu/samples/download/word2vec/allLASLAlemmi-vector-100-nocase-w10-SKIP.bin
allLASLAlemmi-vector-100-nocase-w10-SKIP.vec  ,.vec,Latin,,Word2Vec,https://embeddings.lila-erc.eu/samples/download/,https://embeddings.lila-erc.eu/samples/download/word2vec/allLASLAlemmi-vector-100-nocase-w10-SKIP.vec
allLASLAlemmi-vector-100-nocase-w5-CBOW.bin ,.bin,Latin,,Word2Vec,https://embeddings.lila-erc.eu/samples/download/,https://embeddings.lila-erc.eu/samples/download/word2vec/allLASLAlemmi-vector-100-nocase-w5-CBOW.bin
allLASLAlemmi-vector-100-nocase-w5-CBOW.vec ,.vec,Latin,,Word2Vec,https://embeddings.lila-erc.eu/samples/download/,https://embeddings.lila-erc.eu/samples/download/word2vec/allLASLAlemmi-vector-100-nocase-w5-CBOW.vec
allLASLAlemmi-vector-300-nocase-w10-SKIP.bin  ,.bin,Latin,,Word2Vec,https://embeddings.lila-erc.eu/samples/download/,https://embeddings.lila-erc.eu/samples/download/word2vec/allLASLAlemmi-vector-300-nocase-w10-SKIP.bin
allLASLAlemmi-vector-300-nocase-w10-SKIP.vec ,.vec,Latin,,Word2Vec,https://embeddings.lila-erc.eu/samples/download/,https://embeddings.lila-erc.eu/samples/download/word2vec/allLASLAlemmi-vector-300-nocase-w10-SKIP.vec
allLASLAlemmi-vector-300-nocase-w5-CBOW.bin ,.bin,Latin,,Word2Vec,https://embeddings.lila-erc.eu/samples/download/,https://embeddings.lila-erc.eu/samples/download/word2vec/allLASLAlemmi-vector-300-nocase-w5-CBOW.bin
allLASLAlemmi-vector-300-nocase-w5-CBOW.vec ,.vec,Latin,,Word2Vec,https://embeddings.lila-erc.eu/samples/download/,https://embeddings.lila-erc.eu/samples/download/word2vec/allLASLAlemmi-vector-300-nocase-w5-CBOW.bin
cc.la.300,.vec.gz,Latin,,fasttext,https://fasttext.cc/docs/en/crawl-vectors.html,https://dl.fbaipublicfiles.com/fasttext/vectors-crawl/cc.la.300.vec.gz
cc.la.300,.bin.gz,Latin,,fasttext,https://fasttext.cc/docs/en/crawl-vectors.html,https://dl.fbaipublicfiles.com/fasttext/vectors-crawl/cc.la.300.bin.gz
opera-maiora-lemmas_skip_100,.bin,Latin,,,https://embeddings.lila-erc.eu/samples/download/,https://embeddings.lila-erc.eu/samples/download/OperaMaiora/opera-maiora-lemmas_skip_100.bin
opera-maiora-lemmas_skip_100,.vec,Latin,,,https://embeddings.lila-erc.eu/samples/download/,https://embeddings.lila-erc.eu/samples/download/OperaMaiora/opera-maiora-lemmas_skip_100.vec
OperaLatina,.vec.txt,Latin,,,https://embeddings.lila-erc.eu/samples/download/,https://embeddings.lila-erc.eu/samples/download/aligned/OperaLatina.vec.txt
OperaMaiora,.vec.txt,Latin,,,https://embeddings.lila-erc.eu/samples/download/,https://embeddings.lila-erc.eu/samples/download/aligned/OperaMaiora.vec.txt
IT-opera-maiora-lemmas-nopunt-conv_clean_model_300_fast_skip,.bin,Latin,,,https://embeddings.lila-erc.eu/samples/download/,https://embeddings.lila-erc.eu/samples/download/OperaMaiora/usage_change/IT-opera-maiora-lemmas-nopunt-conv_clean_model_100_fast_skip.bin
IT-opera-maiora-lemmas-nopunt-conv_clean_model_100_fast_skip,.vec,Latin,,,https://embeddings.lila-erc.eu/samples/download/,https://embeddings.lila-erc.eu/samples/download/OperaMaiora/usage_change/IT-opera-maiora-lemmas-nopunt-conv_clean_model_100_fast_skip.vec
IT-opera-maiora-lemmas-nopunt-conv_clean_model_300_fast_skip,.bin,Latin,,,https://embeddings.lila-erc.eu/samples/download/,https://embeddings.lila-erc.eu/samples/download/OperaMaiora/usage_change/IT-opera-maiora-lemmas-nopunt-conv_clean_model_300_fast_skip.bin
IT-opera-maiora-lemmas-nopunt-conv_clean_model_300_fast_skip,.vec,Latin,,,https://embeddings.lila-erc.eu/samples/download/,https://embeddings.lila-erc.eu/samples/download/OperaMaiora/usage_change/IT-opera-maiora-lemmas-nopunt-conv_clean_model_300_fast_skip.vec
